bus_categories,grp_cat_counts,grp_cat_avg_stars
-Mexican-Restaurants,277,3.55234657
-Chinese-Restaurants,110,3.631818182
-Pizza-Restaurants,104,3.600961538
-American (Traditional)-Restaurants,95,3.294736842
-Food-Coffee & Tea,81,3.913580247
-American (New)-Restaurants,80,3.7125
-Restaurants-Italian,76,3.651315789
-Hotels & Travel-Event Planning & Services-Hotels,73,3.547945205
-Food-Ice Cream & Frozen Yogurt,64,3.953125
-Sandwiches-Restaurants,61,3.836065574
-Burgers-Restaurants,61,3.549180328
-Thai-Restaurants,55,3.809090909
-Breakfast & Brunch-Restaurants,44,3.556818182
-Italian-Pizza-Restaurants,44,3.863636364
-Food-Grocery,40,3.7375
-Arts & Entertainment-Cinema,33,3.666666667
-Barbeque-Restaurants,30,3.716666667
-Vietnamese-Restaurants,30,3.666666667
-Steakhouses-Restaurants,29,3.706896552
-Greek-Mediterranean-Restaurants,28,3.785714286
-Sushi Bars-Japanese-Restaurants,28,3.642857143
-Tex-Mex-Restaurants,26,3.75
-Bakeries-Food,24,3.979166667
-Sushi Bars-Restaurants,23,3.630434783
-Beauty & Spas-Nail Salons,22,3.727272727
-Japanese-Restaurants,22,3.545454545
-Department Stores-Fashion-Shopping,20,3.725
-Delis-Sandwiches-Restaurants,20,3.625
-Breakfast & Brunch-American (Traditional)-Restaurants,20,3.575
-Asian Fusion-Restaurants,18,3.5
-Active Life-Gyms-Trainers-Fitness & Instruction,18,3.25
-Food-Health Markets-Grocery-Specialty Food,17,4.029411765
-Restaurants-Pizza-Italian,17,3.735294118
-Bars-Nightlife-Lounges,17,3.441176471
-Buffets-Chinese-Restaurants,16,3.15625
-Active Life-Parks,16,4.1875
"-Food-Beer, Wine & Spirits",16,4.1875
-Food-Donuts,15,3.6
-Bakeries-Food-Sandwiches-Restaurants,15,3.766666667
-Seafood-Restaurants,15,3.166666667
-Buffets-Restaurants,15,3.3
-Hot Dogs-Restaurants,15,3.6
-Arts & Entertainment-Stadiums & Arenas,15,4
-Delis-Restaurants,14,3.607142857
-Diners-Restaurants,14,3.214285714
-Fast Food-Restaurants,14,3.928571429
-Greek-Restaurants,13,3.653846154
-Local Flavor,13,3.884615385
-Shopping Centers-Shopping,13,3.423076923
-Bars-Restaurants-American (Traditional)-Sports Bars-Nightlife,13,3.153846154
-Bars-Nightlife,12,3.5
-Bars-Sports Bars-Nightlife,12,3.125
-Burgers-Fast Food-Restaurants,12,3.875
-Food-Bagels-Delis-Restaurants,12,3.291666667
-Car Wash-Automotive,11,2.818181818
-Dive Bars-Bars-Nightlife,11,3.863636364
-Bars-American (New)-Nightlife-Restaurants,11,3.772727273
-Latin American-Restaurants,11,4.045454545
-Food-Grocery-Shopping-Drugstores,10,3.25
-Shopping-Cosmetics & Beauty Supply-Beauty & Spas,10,3.5
-Wine Bars-Bars-American (New)-Nightlife-Restaurants,10,3.9
"-Food-Beer, Wine & Spirits-Grocery",10,4.2
-Hawaiian-Restaurants,9,3.444444444
-Restaurants,9,3.333333333
-Vegetarian-American (New)-Mediterranean-Restaurants,9,3.944444444
-Food-Food Delivery Services-Delis-Sandwiches-Restaurants,9,3.5
-Department Stores-Grocery-Fashion-Shopping-Food-Mobile Phones,9,2.5
-Bars-American (Traditional)-Nightlife-Restaurants,8,3.5
-Active Life-Yoga-Fitness & Instruction,8,4.4375
-Tires-Automotive,8,4
-Bars-American (Traditional)-Sports Bars-Nightlife-Chicken Wings-Restaurants,8,2.9375
-Breakfast & Brunch-Diners-Restaurants,8,3.75
-Middle Eastern-Restaurants,8,3.9375
MISSING,8,3.375
-Arts & Entertainment-Nightlife-Music Venues,8,3.75
-Day Spas-Beauty & Spas,8,4
-Active Life-Dog Parks-Parks,8,3.8125
-Bars-American (New)-Nightlife-Lounges-Restaurants,8,3.75
-Nightlife-Bars-American (Traditional)-Sports Bars-Restaurants,8,3.25
-Active Life-Golf,7,3.785714286
-Asian Fusion-Mongolian-Restaurants,7,3.714285714
-Auto Repair-Automotive,7,4.357142857
-Food-Ice Cream & Frozen Yogurt-Desserts,7,4.214285714
-Burgers-American (Traditional)-Fast Food-Restaurants,7,3.214285714
-Bars-Mexican-Nightlife-Restaurants,7,3.428571429
-Hotels & Travel-Event Planning & Services-Venues & Event Spaces-Hotels,7,3.071428571
-Caribbean-Restaurants,7,3.928571429
"-Books, Mags, Music & Video-Shopping-Bookstores",7,3.857142857
-Pakistani-Indian-Buffets-Restaurants,7,3.5
-Arts & Entertainment-Festivals,7,3.5
-Arts & Crafts-Shopping,7,3.428571429
-Food-Ethnic Food-Grocery-Specialty Food,7,4.142857143
-Breakfast & Brunch-Sandwiches-Restaurants,7,3.785714286
"-Music & DVDs-Books, Mags, Music & Video-Shopping",6,4.25
-Food-Desserts-American (Traditional)-American (New)-Restaurants,6,3.5
-Korean-Japanese-Restaurants,6,3.416666667
-Cajun/Creole-Restaurants,6,3.833333333
-Hotels & Travel-Airlines-Transportation,6,2.75
-Indian-Buffets-Restaurants,6,3.916666667
-French-Restaurants,6,3.916666667
-Day Spas-Hotels & Travel-Beauty & Spas-Event Planning & Services-Hotels,6,3.916666667
-Shopping-Drugstores,6,3.166666667
-Food-Farmers Market,6,3.833333333
-Shopping-Antiques,6,3.916666667
-Active Life-Gyms-Fitness & Instruction,6,4
-Seafood-Steakhouses-Restaurants,6,3.75
-Gluten-Free-Asian Fusion-Chinese-Restaurants,6,3.416666667
-Seafood-American (Traditional)-Restaurants,6,3.416666667
-Wine Bars-Bars-Restaurants-Nightlife-Italian,6,4.083333333
-Indian-Restaurants,6,3.666666667
-Food-Gelato,6,4.416666667
-Food-Desserts,6,4
-Museums-Arts & Entertainment,6,4.083333333
-Hardware Stores-Shopping-Home & Garden,5,3.7
-Food-Coffee & Tea-Sandwiches-Restaurants,5,3.8
-Libraries-Public Services & Government,5,4.5
-Asian Fusion-Chinese-Restaurants,5,3.3
-Local Services-Dry Cleaning & Laundry,5,4.3
-Shopping-Wholesale Stores,5,4.1
-Nightlife-Dance Clubs,5,2.8
-Mexican-Tex-Mex-Restaurants,5,3.7
-Arts & Entertainment-Performing Arts,5,4.5
-Skin Care-Day Spas-Massage-Beauty & Spas,5,3.7
-Bars-American (Traditional)-Burgers-Nightlife-Sports Bars-Restaurants,5,3.5
-Korean-Restaurants,5,3.5
-Bars-Gay Bars-Nightlife,5,3.4
"-Used, Vintage & Consignment-Fashion-Shopping",5,3.9
-Bars-Steakhouses-Nightlife-Restaurants,5,3.6
-Food-Bagels,5,3.6
-Sporting Goods-Bikes-Shopping,5,4.3
-Food-Specialty Food-Candy Stores,4,4.375
-Breakfast & Brunch-American (New)-Restaurants,4,4
-Barbers-Beauty & Spas,4,4.375
-Active Life-Bowling,4,3.875
-Buffets-Salad-Restaurants,4,3.625
-Food-Bakeries-Delis-Bagels-Restaurants,4,3.375
-Hair Salons-Beauty & Spas,4,3.875
-Bars-Nightlife-Restaurants,4,3.75
-Food-Desserts-Ice Cream & Frozen Yogurt,4,4.125
-Wine Bars-Bars-Steakhouses-Nightlife-Restaurants,4,4.25
-Seafood-Restaurants-Italian,4,3.5
-Delis-Fast Food-Sandwiches-Restaurants,4,4
-Fast Food-Mexican-Restaurants,4,3.875
-Pizza-Sandwiches-Restaurants,4,3.875
-Pakistani-Indian-Restaurants,4,3.375
-Veterinarians-Pets,4,4.5
-Pubs-Bars-American (Traditional)-Nightlife-Restaurants,4,3.875
-Health & Medical-Hospitals,4,3.875
-American (New)-French-Restaurants,4,3.625
-Bars-American (New)-Restaurants-Sports Bars-Nightlife,4,3.25
-Auto Repair-Automotive-Car Dealers,4,3.75
-Pets-Pet Stores,4,4.625
-Women's Clothing-Men's Clothing-Fashion-Shopping-Accessories,4,3.5
-Health & Medical-Dentists-General Dentistry,4,4.375
-Building Supplies-Home Services,4,3.375
-Women's Clothing-Men's Clothing-Fashion-Shopping,4,3.875
-Steakhouses-Sushi Bars-Japanese-Restaurants,4,3.375
-Food,4,3.625
-Shopping,4,3.875
-German-Restaurants,4,3.75
-Vietnamese-Chinese-Restaurants,4,3.75
-American (Traditional)-American (New)-Restaurants,4,3.625
-Pubs-Bars-Nightlife-Irish-Restaurants,4,3.75
-Day Spas-Massage-Beauty & Spas,4,4.125
-Burgers-American (Traditional)-Restaurants,4,3.625
-Food-Juice Bars & Smoothies,3,4.333333333
-Nightlife-Bars-Pizza-Sports Bars-Restaurants,3,3.333333333
-Soup-Vegetarian-Buffets-Restaurants,3,3.5
-Food-American (New)-Breweries-Restaurants,3,3.666666667
-Wine Bars-Bars-Nightlife,3,3.833333333
-American (Traditional)-Fast Food-Restaurants,3,3.666666667
-Food-Breweries,3,4
-Burgers-Hot Dogs-Restaurants,3,3.666666667
-Burgers-Breakfast & Brunch-American (Traditional)-Restaurants,3,3.833333333
-Seafood-Fish & Chips-Restaurants,3,3.166666667
-American (New)-Sandwiches-Restaurants,3,3.666666667
-Food-Breweries-American (New)-Restaurants,3,3.666666667
-Food-Donuts-Coffee & Tea,3,3.666666667
-Sporting Goods-Shopping,3,3.5
-Fondue-Restaurants,3,3.666666667
-Car Wash-Automotive-Auto Detailing,3,4.166666667
-Bars-Gay Bars-Nightlife-Dance Clubs,3,3.166666667
-Food-Ice Cream & Frozen Yogurt-Coffee & Tea,3,4.333333333
-Food-Coffee & Tea-Breakfast & Brunch-Restaurants,3,4.333333333
-American (Traditional)-Steakhouses-Seafood-Restaurants,3,3
-Arts & Crafts-Shopping-Fabric Stores,3,3.333333333
-Bakeries-Food-American (Traditional)-Restaurants,3,3
-Burgers-Hot Dogs-American (New)-Restaurants,3,4
-Mediterranean-Restaurants,3,3.166666667
-Arts & Entertainment-Art Galleries-Shopping,3,4.5
-Arts & Entertainment-American (Traditional)-Arcades-Restaurants,3,3.333333333
-Wine Bars-Bars-Pizza-Nightlife-Restaurants,3,3.833333333
-Active Life,3,4.333333333
-Filipino-Restaurants,3,3.666666667
-Bakeries-Food-Breakfast & Brunch-Restaurants,3,4
-Bars-Nightlife-Dance Clubs,3,3.166666667
-Active Life-Amusement Parks,3,3.5
-Seafood-Mexican-Restaurants,3,4.166666667
-American (Traditional)-Mexican-Restaurants,3,2.833333333
-American (Traditional)-Barbeque-Restaurants,3,4
-American (Traditional)-Sandwiches-Restaurants,3,3.5
-Food-Burgers-Ice Cream & Frozen Yogurt-Restaurants,3,4
-Active Life-Lakes,3,4.333333333
-Pubs-Bars-Nightlife-British-Restaurants,3,3.833333333
-American (Traditional)-Steakhouses-Restaurants,3,3.666666667
-Chicken Wings-Restaurants,3,3.5
-Fashion-Shopping-Jewelry-Accessories,3,4.333333333
-Nightlife-Restaurants,3,4
-Dive Bars-Bars-Mexican-Nightlife-Restaurants,3,3.166666667
-Steakhouses-Barbeque-Restaurants,3,3.5
-Bars-Dance Clubs-Nightlife-Lounges,3,3.166666667
-Food-Desserts-Bakeries,3,4
-Mexican-Nightlife-Restaurants,3,3.333333333
-Hotels & Travel-Car Rental,3,2.833333333
-Food-Breweries-American (New)-Pizza-Restaurants,3,3.666666667
-Art Supplies-Shopping-Arts & Crafts,3,3.666666667
-Nightlife-Bars-American (New)-Sports Bars-Restaurants,3,3.166666667
-Cuban-Restaurants,3,3.666666667
-Bakeries-Food-Breakfast & Brunch-Sandwiches-Restaurants,3,3.833333333
-Fashion-Shopping-Shoe Stores,3,4.166666667
-Burgers-American (Traditional)-Hot Dogs-Restaurants,3,3.666666667
-Active Life-Amusement Parks-Nightlife-Bowling,3,3
-American (Traditional)-Tex-Mex-Restaurants,3,3.833333333
-Active Life-Hiking,3,4.666666667
-Cheesesteaks-Sandwiches-Restaurants,3,4
-Food-Grocery-Shopping-Wholesale Stores,3,4.166666667
-Steakhouses-American (Traditional)-Restaurants,3,3.833333333
-Breakfast & Brunch-Cafes-Restaurants,3,3.833333333
-Shopping Centers-Fashion-Shopping-Department Stores,2,3
-Steakhouses-Sushi Bars-Restaurants,2,4
-American (Traditional)-Pizza-Restaurants,2,4.25
-Active Life-Nightlife-Bowling,2,3.75
-Optometrists-Health & Medical,2,4.5
-Nightlife-Bars-Sports Bars-Restaurants,2,3.25
-Bars-Arts & Entertainment-Nightlife-Music Venues,2,4
-Post Offices-Public Services & Government,2,4
-Arts & Entertainment-Performing Arts-Nightlife-Music Venues,2,3.75
-Breakfast & Brunch-American (Traditional)-Diners-Restaurants,2,3.25
-Bakeries-Food-Filipino-Restaurants,2,3.5
-Doctors-Health & Medical-Obstetricians & Gynecologists,2,2.75
-Persian/Iranian-Restaurants,2,4
-Food-Ice Cream & Frozen Yogurt-Creperies-Restaurants,2,4.25
-Cheesesteaks-Pizza-Restaurants,2,3.25
-Arts & Entertainment-Professional Sports Teams,2,4
-Sporting Goods-Fashion-Shopping-Sports Wear,2,4.75
-Auto Repair-Automotive-Tires-Auto Parts & Supplies,2,3
-Fast Food-Chicken Wings-Restaurants,2,4
-Southern-Barbeque-Restaurants,2,3.5
"-Food-Wine Bars-Bars-Nightlife-Beer, Wine & Spirits",2,4.25
-American (Traditional)-Buffets-Restaurants,2,3.25
-Seafood-Chinese-Restaurants,2,3.75
-American (Traditional)-Chinese-Restaurants,2,3.5
-Restaurants-Turkish,2,3.5
-Day Spas-Beauty & Spas-Nail Salons,2,3.75
-Burgers-Mexican-Restaurants,2,3.5
-Resorts-Hotels & Travel,2,3
-Asian Fusion-Buffets-Chinese-Restaurants,2,3.5
-Hardware Stores-Building Supplies-Shopping-Home Services-Home & Garden,2,3.75
-Hair Removal-Beauty & Spas,2,4.25
-Public Services & Government,2,2
-Pet Services-Pet Stores-Pets,2,4
-Shopping-Automotive-Computers-Home & Garden-Car Stereo Installation-Appliances,2,2.5
-Arts & Entertainment-Casinos,2,2.75
-Japanese-Chinese-Restaurants,2,3.5
-American (New)-Mexican-Restaurants,2,3.5
-Bars-Music Venues-Arts & Entertainment-Pubs-Nightlife-Irish-Restaurants,2,3.75
-Vegetarian-American (Traditional)-Restaurants,2,3.75
-Soul Food-Restaurants,2,3.5
-Local Services-Computers-Shopping-IT Services & Computer Repair,2,4.25
-Active Life-Sporting Goods-Bikes-Shopping-Bike Rentals,2,3.5
-Active Life-Resorts-Golf-Hotels & Travel,2,3.75
-Bars-Dive Bars-Burgers-Nightlife-Sports Bars-Restaurants,2,3.75
-Bakeries-Food-Desserts,2,4.25
-Fast Food-Sandwiches-Restaurants,2,3
-Asian Fusion-Hawaiian-Restaurants,2,4
-Soup-American (New)-Sandwiches-Restaurants,2,3.75
-Automotive-Car Dealers,2,3.75
-Hawaiian-Barbeque-Restaurants,2,3.25
-Dive Bars-Bars-Nightlife-Restaurants,2,3.5
-Dive Bars-Bars-American (Traditional)-Nightlife-Restaurants,2,3.5
-Colleges & Universities-Education,2,3.5
-Hotels & Travel-Resorts-Event Planning & Services-Hotels,2,4.25
-Bars-Nightlife-Karaoke,2,3.25
-Italian-Pizza-Gluten-Free-Restaurants,2,3.25
-Delis-Pizza-Restaurants,2,4.5
"-Food-Beer, Wine & Spirits-Bars-Nightlife",2,3.5
-Shopping-Drugstores-Beauty & Spas-Food-Convenience Stores-Cosmetics & Beauty Supply,2,3.75
"-Women's Clothing-Used, Vintage & Consignment-Fashion-Shopping-Men's Clothing",2,3
-Seafood-Cajun/Creole-Restaurants,2,4.5
-Women's Clothing-Fashion-Shopping-Accessories,2,4.5
-Burgers-American (Traditional)-Sandwiches-Restaurants,2,3.5
-Arts & Entertainment,2,4.25
-Museums-Arts & Entertainment-Performing Arts,2,4
-Home & Garden-Shopping-Home Decor-Antiques,2,3.75
-Food-Restaurants-Italian,2,4
-Burgers-Sandwiches-Restaurants,2,3.5
"-Books, Mags, Music & Video-Musical Instruments & Teachers-Shopping",2,4
-Pet Services-Veterinarians-Pet Boarding/Pet Sitting-Pets,2,4.25
-Sporting Goods-Fashion-Shopping-Shoe Stores-Sports Wear,2,3.5
-Middle Eastern-Mediterranean-Restaurants,2,4
-Nightlife-Breakfast & Brunch-American (New)-Bars-Restaurants,2,4
-Bars-Dance Clubs-Nightlife-Lounges-American (New)-Restaurants,2,2.75
-Pubs-Irish-Nightlife-Bars-Restaurants,2,3.25
-Bars-Food-Breweries-Pubs-Nightlife-American (New)-Restaurants,2,3.75
-Food-Sandwiches-Coffee & Tea-Breakfast & Brunch-Restaurants,2,4.25
-Arts & Entertainment-Performing Arts-Event Planning & Services-Venues & Event Spaces,2,4
-Burgers-Breakfast & Brunch-Restaurants,2,4
-Hobby Shops-Shopping,2,4.5
-Women's Clothing-Men's Clothing-Fashion-Shopping-Shoe Stores,2,3.75
-Active Life-Yoga-Gyms-Fitness & Instruction,2,3.75
-Bars-Caribbean-Nightlife-Lounges-Restaurants,2,3.75
-Champagne Bars-Bars-Nightlife-Lounges,2,3.5
"-Food-Beer, Wine & Spirits-American (Traditional)-Restaurants",2,3.5
-Shopping-Baby Gear & Furniture,2,3.5
-Bakeries-Food-Coffee & Tea-Sandwiches-Restaurants,2,3.5
-Steakhouses-American (New)-Restaurants,2,4
-Gastropubs-American (New)-Restaurants,2,4.5
-Sushi Bars-Chinese-Restaurants,2,3.25
-Home Services-Real Estate-Apartments,2,2.5
-Health & Medical-Dentists-General Dentistry-Cosmetic Dentists,2,4.5
-Arts & Entertainment-Local Flavor,2,3.5
-Greek-Mediterranean-Sandwiches-Restaurants,2,3.75
-Bars-American (Traditional)-Nightlife-Lounges-Restaurants,2,4
-Hotels & Travel-Public Transportation-Transportation,2,3
-American (Traditional)-Sushi Bars-Restaurants,2,3.25
-Breakfast & Brunch-American (New)-Sandwiches-Restaurants,2,4.25
-Seafood-Dim Sum-Chinese-Restaurants,2,3.5
-Indian-Pakistani-Restaurants,2,4.25
-Food-Delis-Bagels-Restaurants,2,4.5
-Bakeries-Food-Coffee & Tea,2,3.75
-Event Planning & Services-Venues & Event Spaces,2,4
-Pubs-Bars-Nightlife,2,3.5
-Mongolian-Restaurants,2,2.75
"-Food-Specialty Food-Beer, Wine & Spirits",2,3.75
-Afghan-Restaurants,2,3.75
-Food-Coffee & Tea-Art Galleries-Shopping-Arts & Entertainment,2,4.25
-Steakhouses-American (Traditional)-Barbeque-Restaurants,2,3.25
-Nightlife,2,4.5
-Health & Medical-Urgent Care,2,4
-Food-Ice Cream & Frozen Yogurt-American (Traditional)-Restaurants,2,3.25
-Bridal-Shopping,2,3
-Food-Coffee & Tea-American (New)-Restaurants,2,4.25
-Cafes-Restaurants,2,3.75
-Pubs-Dive Bars-Bars-Nightlife,2,3.75
-Fish & Chips-Restaurants,2,4
-Food-Department Stores-Grocery-Fashion-Shopping,2,4
-Pet Groomers-Pet Services-Pet Stores-Pets,2,4.5
-Burgers-Bars-Nightlife-Restaurants,2,3.75
-Pet Groomers-Pet Services-Pets-Pet Stores,2,3.5
-Automotive-Parking,2,4.5
-Italian-Pizza-Sandwiches-Restaurants,2,4.5
-Tattoo-Beauty & Spas,2,4.75
-Vegetarian-Vegan-Restaurants,2,4.5
-American (New)-Diners-Restaurants,2,3.75
-Local Services-Sewing & Alterations,2,4.75
-Hotels & Travel-Airports,2,3.5
-Fast Food-Japanese-Restaurants,2,3.5
-Bakeries-Food-Delis-Restaurants,2,3.75
-Departments of Motor Vehicles-Public Services & Government,2,3.5
-Event Planning & Services-Caterers,2,4.5
-Gastropubs-Restaurants,2,3.75
-Active Life-Gun/Rifle Ranges,2,4.25
-Bars-Restaurants-Sports Bars-Nightlife,2,3.75
-Auto Repair-Automotive-Auto Parts & Supplies-Car Dealers,2,3.5
-Vegetarian-Indian-Restaurants,2,3.75
-Department Stores-Fashion-Shopping-Drugstores,2,3.75
-Landscaping-Home Services,2,3.75
-Massage-Beauty & Spas,2,4.75
-Shopping-Toy Stores,2,4.5
-Automotive-Gas & Service Stations,2,3.25
-Nightlife-Bars-Mexican-Sports Bars-Restaurants,2,3.5
-Food-Ethnic Food-Specialty Food-Japanese-Restaurants,2,4.25
-Lounges-Bars-Nightlife-Dance Clubs,2,3
-Food-Juice Bars & Smoothies-Sandwiches-Restaurants,2,4
-Active Life-Golf-Event Planning & Services-Venues & Event Spaces,2,3.75
-Thai-Buffets-Restaurants,2,3.75
-Local Services-Shoe Repair,2,4.75
-Food-Bagels-Breakfast & Brunch-Restaurants,2,4.25
-Bars-Mediterranean-Nightlife-Lounges-American (New)-Restaurants,2,4
-Food-Specialty Food-Meat Shops,2,4.5
-Fashion-Shopping-Sporting Goods-Bikes-Outdoor Gear-Sports Wear,2,4
-Active Life-Zoos,2,4
-Fashion-Shopping-Mountain Biking-Sporting Goods-Bikes-Active Life-Sports Wear,2,3.25
-American (Traditional)-Diners-Restaurants,2,3.75
-Gluten-Free-Pizza-Vegan-Restaurants,2,3.5
-Korean-Sushi Bars-Restaurants,2,4
-Food-Shopping Centers-Shopping,2,3.75
-Thrift Stores-Shopping,2,4
-Bakeries-Food-Restaurants-Sandwiches-Italian,1,4
-Sushi Bars-Japanese-Vegan-Restaurants,1,4
"-Food-Specialty Food-Meat Shops-Beer, Wine & Spirits",1,4.5
-Bars-Pool Halls-Nightlife,1,3.5
-Italian-American (New)-Mediterranean-Restaurants,1,4
-Food-Burgers-Ice Cream & Frozen Yogurt-Sandwiches-Restaurants,1,3.5
-Burgers-American (New)-Restaurants,1,4
-Active Life-Mini Golf-Arts & Entertainment-Amusement Parks-Arcades,1,2
-Arts & Entertainment-Art Galleries-Shopping-Event Planning & Services-Venues & Event Spaces,1,4.5
-Pizza-Food Stands-Restaurants,1,4.5
-Pizza-American (New)-Restaurants,1,3
-Fashion-Shopping,1,4
-Seafood-Steakhouses-Gluten-Free-Restaurants,1,4
-Diners-Restaurants-Event Planning & Services-Caterers,1,3.5
-Pet Services-Pets-Pet Stores,1,3.5
-Bridal-Shopping-Jewelry,1,4.5
-Food-Ethnic Food-Specialty Food-Sandwiches-Restaurants-Hot Dogs,1,3.5
-Burmese-Restaurants,1,4.5
-Active Life-Sports Clubs-Yoga-Fitness & Instruction,1,3.5
-Breakfast & Brunch-Cafes-Sandwiches-Restaurants,1,3.5
-Food-Ice Cream & Frozen Yogurt-Juice Bars & Smoothies,1,3.5
-Handyman-Home Services,1,5
-Food-Specialty Food-Grocery,1,4.5
-Cafes-American (New)-Restaurants,1,3.5
-Nightlife-Italian-American (Traditional)-Bars-Restaurants,1,3
-Food-Grocery-Middle Eastern-Restaurants,1,4
-Kitchen & Bath-Shopping-Home & Garden,1,4
-Food-Ice Cream & Frozen Yogurt-Fast Food-Restaurants,1,3.5
-Bakeries-Food-Caterers-Event Planning & Services-Restaurants-Sandwiches,1,4
-Fast Food-Middle Eastern-Restaurants,1,4
-Arts & Entertainment-Performing Arts-Music Venues-Art Galleries-Nightlife-Shopping,1,5
-Burgers-American (Traditional)-Diners-Restaurants,1,3.5
-Nightlife-Thai-Bars-Restaurants,1,4
-Vegetarian-American (New)-Restaurants,1,3.5
-American (Traditional)-Wedding Planning-Food-Breakfast & Brunch-Specialty Food-Sandwiches-Event Planning & Services-Fruits & Veggies-Restaurants,1,4
-Bars-Pizza-American (Traditional)-Nightlife-Restaurants,1,3.5
-Arts & Crafts-Shopping-Hobby Shops,1,4
-Food-Coffee & Tea-Cafes-Breakfast & Brunch-Restaurants,1,4
-Turkish-Halal-Restaurants,1,4.5
-Steakhouses-Restaurants-Brazilian,1,4
-Fashion-Shopping-Sporting Goods-Active Life-Fitness & Instruction-Women's Clothing-Yoga-Sports Wear,1,4.5
-Food-Desserts-Vegetarian-Indian-Restaurants,1,3.5
-Food-Grocery-Farmers Market,1,4
-Fashion-Shopping-Beauty & Spas-Men's Clothing-Cosmetics & Beauty Supply-Women's Clothing,1,3.5
-Food-Coffee & Tea-Vegan-Restaurants,1,4
-Automotive-Body Shops,1,5
-Bars-Food-Breweries-Nightlife-American (New)-Sports Bars-Restaurants,1,3.5
-Basque-Spanish-Restaurants,1,2.5
-Breakfast & Brunch-American (New)-Buffets-Restaurants,1,3
-Burgers-Cheesesteaks-Chicken Wings-Restaurants,1,3.5
-Food-Cheese Shops-Delis-Specialty Food-Restaurants,1,4.5
-Seafood-Fish & Chips-American (Traditional)-Restaurants,1,2.5
-Shopping-Computers-Local Services-IT Services & Computer Repair-Electronics-Education,1,3.5
-Thai-Sushi Bars-Japanese-Restaurants,1,4
-Arts & Entertainment-Amusement Parks-Arcades-Amateur Sports Teams-Active Life-Mini Golf,1,3.5
-Shopping Centers-Fashion-Shopping-Outlet Stores-Department Stores,1,3.5
-Breakfast & Brunch-American (New)-Cafes-Restaurants,1,3.5
-Women's Clothing-Fashion-Shopping,1,4.5
-Jazz & Blues-Arts & Entertainment-Nightlife,1,3
-Food Stands-Filipino-Restaurants,1,4
-Food-Ethnic Food-Thai-Specialty Food-Restaurants,1,4
-Thai-Sushi Bars-Restaurants,1,3.5
-Print Media-Mass Media,1,2.5
-Arts & Entertainment-Performing Arts-Nightlife-Comedy Clubs,1,4
-Burgers-Breakfast & Brunch-Sandwiches-Restaurants,1,4
-Bars-Restaurants-Nightlife-Pizza-Sports Bars-Italian,1,4
-Food-Specialty Food-Bakeries-Chocolatiers & Shops,1,4.5
-American (Traditional)-Gluten-Free-Vegan-Restaurants,1,3.5
-Food-Desserts-Coffee & Tea-Breakfast & Brunch-Restaurants,1,4
-Mediterranean-Sandwiches-Restaurants,1,3
-Food-Desserts-Barbeque-Restaurants,1,2.5
-Food-Pizza-American (New)-Breweries-Restaurants,1,3
-Food-Ethnic Food-Specialty Food,1,4
-Food-Desserts-Coffee & Tea-Sandwiches-Restaurants,1,3.5
-Food-Burgers-American (Traditional)-Ice Cream & Frozen Yogurt-Restaurants,1,4
-Active Life-Recreation Centers-Gyms-Fitness & Instruction,1,4.5
-Automotive-Hotels & Travel-Transportation-Airport Shuttles-Parking,1,3
-Bakeries-Food-Mexican-Restaurants,1,4
-Bars-Restaurants-Mexican-Sports Bars-Nightlife,1,3
-Nightlife-Cuban-Bars-Restaurants,1,4
-Beauty & Spas-Resorts-Event Planning & Services-Hotels & Travel-Day Spas-Hotels,1,4
-Coffee & Tea-Food-Vegetarian-Specialty Food-Health Markets-Restaurants,1,4
-Bars-Pool Halls-Nightlife-Sports Bars,1,3.5
-Bars-American (Traditional)-Mexican-Nightlife-Restaurants,1,2.5
-Department Stores-Fashion-Shopping-Discount Store,1,4
-Nightlife-Asian Fusion-Sushi Bars-Karaoke-Restaurants,1,3.5
-Shopping-Home Services-Building Supplies-Home & Garden-Hardware Stores-Appliances,1,3.5
-Vegetarian-Hawaiian-Restaurants,1,4
-Arts & Entertainment-Venues & Event Spaces-Nightlife-Music Venues-Event Planning & Services,1,3
-Delis-American (New)-Sandwiches-Restaurants,1,4.5
-Food-Donuts-Coffee & Tea-Fast Food-Restaurants,1,3.5
-Cuban-Cafes-Restaurants,1,3.5
"-Used, Vintage & Consignment-Fashion-Shopping-Arts & Crafts",1,4.5
-Gluten-Free-Sandwiches-Vegan-Restaurants,1,4
-Tours-Hotels & Travel-Mediterranean-Restaurants,1,4
-Tobacco Shops-Shopping,1,5
-Arts & Entertainment-Cinema-Performing Arts,1,4
-Fashion-Shopping-Shoe Stores-Outlet Stores,1,3.5
-Greek-Vegetarian-Mediterranean-Middle Eastern-Restaurants,1,4
-Bars-Pubs-Nightlife-Gastropubs-American (New)-Restaurants,1,4
"-Used, Vintage & Consignment-Fashion-Shopping-Discount Store",1,4.5
"-Comic Books-Shopping-Books, Mags, Music & Video",1,4
-Food-Specialty Food-Fruits & Veggies,1,4.5
-Massage Therapy-Health & Medical-Massage-Beauty & Spas,1,4.5
-Food-Specialty Food-Juice Bars & Smoothies-Fruits & Veggies,1,4.5
-Food-Ice Cream & Frozen Yogurt-Korean-Sandwiches-Restaurants,1,4.5
-Music Venues-Arts & Entertainment-Event Planning & Services-Venues & Event Spaces-Nightlife,1,4
-Pubs-Wine Bars-Bars-Nightlife,1,4.5
-Flowers & Gifts-Shopping-Event Planning & Services-Florists,1,5
-Food-Desserts-Delis-Bakeries-Restaurants,1,4.5
-Mediterranean-Middle Eastern-Halal-Restaurants,1,4.5
-Asian Fusion-Mexican-Chinese-Restaurants,1,3.5
-Bars-Music Venues-Arts & Entertainment-Dive Bars-Nightlife-Lounges,1,3.5
"-Food-Beer, Wine & Spirits-Vegetarian-Sandwiches-Restaurants",1,4
-Automotive-Shopping-Personal Shopping,1,5
-Do-IT-Yourself Food-Health Markets-Specialty Food-Food-Gluten-Free-Restaurants,1,4.5
"-Bars-Food-Beer, Wine & Spirits-Nightlife-American (New)-Sports Bars-Restaurants",1,3
-Bakeries-Food-Grocery-Health Markets-Specialty Food,1,4
-American (New)-Nightlife-Dance Clubs-Restaurants,1,3
-American (Traditional)-Cafes-Restaurants,1,4.5
-Skin Care-Shopping-Cosmetics & Beauty Supply-Beauty & Spas,1,4.5
-Active Life-Event Planning & Services-Party & Event Planning-Bowling,1,2.5
-Arts & Entertainment-Botanical Gardens-Music Venues-Nightlife,1,4.5
-Cards & Stationery-Arts & Crafts-Flowers & Gifts-Shopping-Event Planning & Services,1,4
-Korean-Hawaiian-Restaurants,1,3.5
-Food-Ethnic Food-Specialty Food-Restaurants,1,4.5
-Burgers-Bars-Hot Dogs-Nightlife-Restaurants,1,4
-Local Services-Shopping-Bridal-Sewing & Alterations,1,5
-Korean-Thai-Chinese-Restaurants,1,3
-Massage Therapy-Health & Medical-Physical Therapy-Chiropractors,1,4.5
-Active Life-Mini Golf-Arts & Entertainment-Go Karts-Arcades,1,3
-Food-Ice Cream & Frozen Yogurt-Coffee & Tea-Juice Bars & Smoothies,1,4.5
-Musical Instruments & Teachers-Shopping,1,4
-Women's Clothing-Department Stores-Fashion-Shopping-Men's Clothing,1,3.5
"-Hobby Shops-Comic Books-Shopping-Books, Mags, Music & Video",1,4.5
-Seafood-Sushi Bars-Japanese-Restaurants,1,4
-Bars-Asian Fusion-Nightlife-Lounges-Restaurants,1,4
-Bars-Shopping-Music Venues-Art Galleries-Arts & Entertainment-Nightlife,1,4
-Breakfast & Brunch-Caterers-Sandwiches-Event Planning & Services-Restaurants,1,4
-Jewelry-Shopping-Home & Garden-Antiques-Furniture Stores,1,4.5
-Buffets-Dim Sum-Chinese-Restaurants,1,3.5
-Nightlife-Bars-Gay Bars-Diners-Restaurants,1,3
-Piercing-Beauty & Spas,1,5
-Food-Ethnic Food-American (New)-Restaurants-Specialty Food,1,4
-Polish-Scandinavian-Restaurants,1,4.5
-Food-Coffee & Tea-Vietnamese-Restaurants,1,4
-Food-Specialty Food-Candy Stores-Chocolatiers & Shops,1,4
-Bars-American (Traditional)-Pubs-Nightlife-Sports Bars-Restaurants,1,3.5
-Nightlife-Arts & Entertainment-Karaoke-Social Clubs,1,4.5
-Hair Salons-Day Spas-Beauty & Spas,1,5
-Hotels & Travel-Travel Services-Airlines-Transportation,1,2.5
-Soul Food-Breakfast & Brunch-Southern-Restaurants,1,4
-Food-Ice Cream & Frozen Yogurt-Restaurants-Sandwiches-Burgers,1,3.5
-Food-Shopping,1,4
-Pizza-Buffets-Restaurants,1,3
-Electronics-Computers-Shopping,1,4
-Kosher-Vegetarian-Vegan-Restaurants,1,4
-Active Life-American (New)-Golf-Restaurants,1,4
-Mexican-Event Planning & Services-Venues & Event Spaces-Restaurants,1,3.5
-Active Life-Landmarks & Historical Buildings-Public Services & Government-Local Flavor-Parks,1,4
-Seafood-Japanese-Restaurants,1,5
-Grocery-Mexican-Food-Ethnic Food-Specialty Food-Restaurants,1,4
-Animal Shelters-Pet Stores-Pets,1,4.5
-Food-Burgers-Sandwiches-Ice Cream & Frozen Yogurt-Restaurants,1,3.5
-Gastropubs-Cafes-Restaurants,1,2.5
-Shopping-Food-Home & Garden-Specialty Food-Kitchen & Bath-Personal Shopping,1,4
-Food-Bagels-Cafes-Restaurants,1,4.5
"-Bars-Food-Beer, Wine & Spirits-Wine Bars-Nightlife-Restaurants-Pizza",1,3.5
-Diners-Mexican-Tex-Mex-Restaurants,1,3.5
-Active Life-Hiking-Parks,1,4.5
-Bars-Breakfast & Brunch-Wine Bars-Nightlife-Restaurants-Sandwiches,1,4
-Active Life-Pilates-Fitness & Instruction,1,4.5
-Bars-Restaurants-American (Traditional)-Nightlife-Chicken Wings,1,3
-Active Life-Yoga-Dance Studios-Fitness & Instruction,1,5
-Food-Coffee & Tea-Chinese-Restaurants,1,3.5
-Food-Desserts-Bakeries-Specialty Food,1,5
-Men's Clothing-Fashion-Shopping,1,4.5
-Food-Specialty Food-Sandwiches-Restaurants,1,4
-Bakeries-Food-Coffee & Tea-Desserts,1,4
-Mass Media-Radio Stations,1,4
-Dive Bars-Bars-Nightlife-Dance Clubs,1,3
-Shopping-Home & Garden,1,4.5
-Barbeque-Hawaiian-Restaurants,1,3
-Tires-Automotive-Fashion-Shopping-Department Stores,1,3.5
-Fast Food-Southern-Chicken Wings-Restaurants,1,3
-Local Services,1,5
-Bars-Music Venues-Arts & Entertainment-Dive Bars-Nightlife-Comedy Clubs,1,4.5
-Delis-Italian-Sandwiches-Restaurants,1,4.5
-Mediterranean-Greek-Southern-Restaurants,1,3
-Arts & Entertainment-Shopping-Music Venues-Art Galleries-Bars-Nightlife-Lounges,1,4
-Shopping-Eyewear & Opticians,1,4.5
-Dive Bars-Bars-Gay Bars-Nightlife-Lounges,1,3.5
-Greek-Mediterranean-Middle Eastern-Restaurants,1,3.5
-Asian Fusion-Japanese-Restaurants,1,4
-Coffee & Tea-Music Venues-Food-Arts & Entertainment-Nightlife-Restaurants-Italian,1,3.5
-Bakeries-Food-Delis-Middle Eastern-Restaurants,1,4.5
-Seafood-American (New)-Restaurants,1,3.5
-Vietnamese-Sandwiches-Restaurants,1,3
-Food-Ice Cream & Frozen Yogurt-Coffee & Tea-Breakfast & Brunch-Restaurants,1,4
"-Food-Beer, Wine & Spirits-Bars-Nightlife-Lounges",1,3
-Soul Food-Southern-Restaurants,1,4.5
-Skin Care-Hair Removal-Beauty & Spas,1,4.5
-Active Life-Mini Golf-Amusement Parks-Event Planning & Services-Party & Event Planning,1,3.5
-American (Traditional)-Steakhouses-Barbeque-Restaurants,1,3
-Food-Do-IT-Yourself Food-Buffets-Restaurants,1,3.5
-Bars-Latin American-Mexican-Nightlife-Restaurants,1,4
-Breakfast & Brunch-Delis-Restaurants,1,4
-Greek-Delis-Restaurants,1,4.5
-Burgers-Hawaiian-Restaurants,1,3
-Breakfast & Brunch-American (Traditional)-Sandwiches-Restaurants,1,3.5
-Hair Salons-Hair Stylists-Beauty & Spas,1,4
-Breakfast & Brunch-Spanish-American (New)-Restaurants,1,3.5
-Russian-Restaurants,1,3.5
-Active Life-Yoga-Trainers-Fitness & Instruction,1,3.5
-Nightlife-Bars-Japanese-Restaurants,1,4
-Food-Donuts-Coffee & Tea-Bakeries,1,4.5
-Food-Coffee & Tea-Internet Cafes,1,4.5
-Burgers-Hot Dogs-Mexican-Restaurants,1,3.5
-Landmarks & Historical Buildings-Restaurants-Public Services & Government-Tex-Mex,1,3.5
-Seafood-Mexican-Tex-Mex-Restaurants,1,4
-Greek-Mexican-Restaurants,1,3
-Active Life-Amusement Parks-Climbing-Gyms-Fitness & Instruction,1,4
-Event Planning & Services-Venues & Event Spaces-Nightlife,1,4.5
"-Used, Vintage & Consignment-Fashion-Shopping-Antiques",1,4
-Breakfast & Brunch-American (New)-Fast Food-Restaurants,1,4
-Food-Coffee & Tea-Event Planning & Services-Caterers,1,3
-British-Restaurants,1,4.5
-Soup-Taiwanese-Chinese-Restaurants,1,4
-Pizza-Italian-Sandwiches-Restaurants,1,4.5
-Piano Bars-Seafood-Steakhouses-Nightlife-Restaurants,1,3.5
-Painters-Home Services,1,4.5
-Vietnamese-Asian Fusion-Restaurants,1,4
-Bars-Vietnamese-Nightlife-Lounges-Restaurants,1,2.5
-Food-Vegetarian-Juice Bars & Smoothies-Vegan-Restaurants,1,4
-Active Life-Skating Rinks-Amusement Parks,1,4
-Asian Fusion-Italian-Japanese-Restaurants,1,4
-Bars-Mexican-Nightlife-Lounges-American (New)-Restaurants,1,3
-Tapas/Small Plates-Spanish-Restaurants,1,3.5
-Coffee & Tea-Hawaiian-Food-Venues & Event Spaces-Caterers-Juice Bars & Smoothies-Event Planning & Services-Restaurants,1,4.5
-Breakfast & Brunch-Mexican-Barbeque-Restaurants,1,3.5
-Fast Food-Asian Fusion-Chinese-Restaurants,1,3.5
-Food-Sandwiches-Breweries-Pizza-Restaurants,1,4
-Cheesesteaks-Restaurants,1,4.5
-Food-Donuts-Chinese-Restaurants,1,4
-Grocery-Food-Ethnic Food-Japanese-Specialty Food-Restaurants,1,4
"-Shopping-Home Decor-Arts & Crafts-Bookstores-Home & Garden-Event Planning & Services-Books, Mags, Music & Video-Cards & Stationery-Flowers & Gifts",1,4.5
-Burgers-American (New)-Gluten-Free-Restaurants,1,4
-Shopping-Home Services-Internet Service Providers-Mobile Phones-Professional Services-Electronics,1,3
-Wine Bars-Bars-Restaurants-Nightlife-Tapas/Small Plates,1,4
-Health Markets-Food-Grocery-Ethnic Food-Specialty Food,1,3
-Scandinavian-Restaurants,1,3.5
-Vietnamese-Thai-Asian Fusion-Chinese-Restaurants,1,4
-Pubs-Bars-Nightlife-Lounges,1,3
-Home Services-Heating & Air Conditioning/HVAC,1,4.5
-Nightlife-Bars-Lounges-French-Restaurants,1,3.5
-Food-American (Traditional)-Breweries-Restaurants,1,3
-Wine Bars-Bars-Cafes-Nightlife-Restaurants,1,5
-American (Traditional)-Sandwiches-Barbeque-Restaurants,1,3.5
-Food-Ice Cream & Frozen Yogurt-Vegan-Restaurants,1,4.5
-Food-Coffee & Tea-Pizza-Sandwiches-Restaurants,1,3.5
-Pubs-Food-Bars-Breweries-Nightlife,1,3.5
-Breakfast & Brunch-Cafes-American (Traditional)-Restaurants,1,3.5
-Active Life-Hiking-Local Flavor,1,4
-Dive Bars-Bars-Nightlife-Lounges-Restaurants,1,4
-Golf-Event Planning & Services-Active Life-Hotels & Travel-Hotels-Restaurants,1,4
-Cafes-Mexican-Restaurants,1,3.5
-Food-Convenience Stores-American (New)-Cafes-Restaurants,1,4
-Food-Tea Rooms-British-Restaurants,1,4.5
-Local Services-Carpet Cleaning,1,5
-Sandwiches-Hawaiian-Restaurants,1,4
-Modern European-American (New)-Restaurants,1,4
-Active Life-Parks-Local Flavor-Playgrounds,1,4.5
-Active Life-Skating Rinks,1,3.5
-American (New)-Barbeque-Restaurants,1,4.5
-Cambodian-Restaurants,1,4.5
-Skin Care-Day Spas-Tanning-Beauty & Spas,1,4.5
-American (New)-Buffets-Restaurants,1,3.5
-Bars-Music Venues-Arts & Entertainment-Dance Clubs-Nightlife-Lounges,1,3.5
-Shopping Centers-Fashion-Shopping-Department Stores-Venues & Event Spaces-Event Planning & Services,1,3
-Food-Grocery-American (Traditional)-Breakfast & Brunch-Restaurants,1,4
-Nightlife-Irish-Arts & Entertainment-Music Venues-Restaurants,1,3.5
-Bakeries-Food-Breakfast & Brunch-Delis-Restaurants,1,3.5
-Fast Food-Southern-Restaurants,1,4
-Creperies-Food Stands-French-Restaurants,1,4.5
-Local Services-Shopping-Jewelry-Watch Repair,1,4.5
-Restaurants-Mediterranean-Italian,1,4
-Cosmetology Schools-Specialty Schools-Education,1,4.5
-Food-Coffee & Tea-Creperies-Cafes-Restaurants,1,4.5
-Food-Coffee & Tea-Bikes-Shopping-Sporting Goods,1,4
-Shopping-Antiques-Home & Garden-Furniture Stores,1,4.5
-Pet Services-Veterinarians-Pet Training-Pet Boarding/Pet Sitting-Pets,1,4.5
-Bars-Asian Fusion-Buffets-Nightlife-Restaurants,1,4
"-Fashion-Shopping-Used, Vintage & Consignment-Home & Garden-Antiques-Furniture Stores",1,4
-Bars-Hawaiian-Nightlife-Lounges-American (New)-Restaurants,1,3.5
-Hair Salons-Barbers-Beauty & Spas,1,2.5
-Hotels & Travel-Landmarks & Historical Buildings-Tours-Public Services & Government,1,3.5
-Bars-American (Traditional)-Arts & Entertainment-Arcades-Nightlife-Sports Bars-Restaurants,1,3
-Shopping-Nurseries & Gardening-Home & Garden,1,5
-Food-Do-IT-Yourself Food-Ice Cream & Frozen Yogurt-Desserts,1,4
-Caterers-Mexican-Event Planning & Services-Restaurants,1,3.5
-Afghan-Pakistani-Restaurants,1,4.5
-Buffets-Mongolian-Restaurants,1,3
-Bars-Nightlife-Lounges-Sports Bars,1,3
-Food-Coffee & Tea-Cafes-Restaurants,1,4
-Restaurants-French-Italian,1,4
-Museums-Art Schools-Arts & Entertainment-Specialty Schools-Education,1,3.5
-Day Spas-Beauty & Spas-Restaurants,1,4.5
-Seafood-Sushi Bars-Restaurants,1,3.5
-Peruvian-Restaurants,1,3.5
-Breakfast & Brunch-Bars-American (New)-Nightlife-Restaurants,1,3.5
-Thai-Vietnamese-Restaurants,1,3.5
-Bars-Restaurants-Sports Bars-Karaoke-Nightlife,1,3
-Discount Store-Shopping,1,4
-Arts & Entertainment-Bars-Nightlife-Music Venues,1,3
-Active Life-American (Traditional)-Golf-Restaurants,1,4.5
-Active Life-Pilates-Yoga-Fitness & Instruction,1,3.5
-Pet Services-Pets,1,5
-Television Stations-Mass Media,1,4.5
-Burgers-Hot Dogs-Sandwiches-Restaurants,1,4.5
-Polish-Restaurants,1,4.5
-Opera & Ballet-Arts & Entertainment-Performing Arts,1,4.5
-Bars-Wine Bars-Nightlife-Italian-Pizza-Restaurants,1,4
-Bars-Chicken Wings-Nightlife-Karaoke-Sports Bars-Restaurants,1,3
-Coffee & Tea-Music Venues-Food-Arts & Entertainment-Nightlife-Jazz & Blues,1,4
-Caribbean-Hawaiian-Restaurants,1,4
"-Food-Beer, Wine & Spirits-American (New)-Restaurants",1,3.5
-Active Life-Venues & Event Spaces-Amateur Sports Teams-Event Planning & Services,1,4.5
-Food-Bakeries-Coffee & Tea,1,4.5
-Vegetarian-Gluten-Free-Vegan-Restaurants,1,5
-Active Life-Shopping-Beauty & Spas-Yoga-Fitness & Instruction,1,4.5
-Arts & Entertainment-Cinema-Bars-Lounges-Nightlife,1,4.5
-Food-Arts & Entertainment-Street Vendors-Festivals,1,2
-Food-Korean-Grocery-Restaurants,1,4
-Day Spas-Hair Removal-Massage-Beauty & Spas,1,3.5
-Women's Clothing-Fashion-Shopping-Accessories-Lingerie,1,4
-Art Schools-Specialty Schools-Shopping-Jewelry-Accessories-Fashion-Education,1,5
-Food-Ice Cream & Frozen Yogurt-Coffee & Tea-Desserts,1,4
-Mediterranean-Middle Eastern-Restaurants,1,4.5
-Shopping-Home Services-Home & Garden-Lighting Fixtures & Equipment-Furniture Stores-Home Decor,1,3.5
-Arts & Entertainment-Cinema-American (New)-Restaurants,1,3.5
"-Arts & Entertainment-American (Traditional)-Food-Beer, Wine & Spirits-Cinema-Restaurants",1,4
-Arts & Crafts-Shopping-Costumes-Party & Event Planning-Event Planning & Services,1,4.5
-Music Venues-Bars-Arts & Entertainment-Nightlife-Lounges,1,4
-Active Life-Climbing-Hiking-Parks,1,4.5
-American (New)-Sushi Bars-Restaurants,1,3.5
-American (Traditional)-French-Restaurants,1,3
-Food-Active Life-Coffee & Tea-Yoga-Fitness & Instruction,1,4.5
-Hot Dogs-Sandwiches-Restaurants,1,3.5
-Bakeries-Food-Restaurants,1,3
"-Music & DVDs-Books, Mags, Music & Video-Vinyl Records-Shopping",1,3.5
-Shopping-Home Services-Building Supplies-Home & Garden-Hardware Stores-Lighting Fixtures & Equipment,1,3
-Burgers-Fast Food-Hot Dogs-Restaurants,1,3.5
-Museums-Hotels & Travel-Arts & Entertainment-Tours,1,4.5
-Restaurants-Gluten-Free-Italian,1,4
-Fast Food-Tex-Mex-Restaurants,1,3.5
-Active Life-Gyms-Fitness & Instruction-Tanning-Beauty & Spas,1,4.5
-Food-Street Vendors,1,4.5
-Specialty Schools-Education-Cooking Schools,1,4
-Active Life-Amateur Sports Teams,1,4.5
-Latin American-Caribbean-Restaurants,1,3.5
-Food-Arts & Entertainment-Wineries,1,2.5
-Burgers-Bars-American (New)-Nightlife-Restaurants,1,3.5
-Delis-Breakfast & Brunch-Restaurants,1,3.5
-Food-Breakfast & Brunch-Buffets-Restaurants,1,4
-Vegetarian-Persian/Iranian-Mediterranean-Restaurants,1,3.5
-Food-Bakeries-Grocery-Delis-Restaurants,1,4.5
-American (Traditional)-Cafes-Delis-Restaurants,1,3.5
-Kitchen & Bath-Shopping-Home Services-Home & Garden,1,5
-Food-Burgers-American (New)-Breweries-Restaurants,1,4
-Fast Food-Sushi Bars-Japanese-Restaurants,1,3
-Day Spas-Barbers-Beauty & Spas,1,4.5
-Nightlife-Mexican-Tex-Mex-Restaurants,1,3
-Food-Mexican-Restaurants,1,4
-Fashion-Shopping-Sporting Goods-Women's Clothing-Fitness & Instruction-Active Life-Yoga-Sports Wear,1,4
-American (Traditional)-Chicken Wings-Restaurants,1,3
-Steakhouses-Sandwiches-Restaurants,1,4
-Nightlife-Breakfast & Brunch-Mexican-Bars-Restaurants,1,4
-Oral Surgeons-Health & Medical-Dentists-General Dentistry-Cosmetic Dentists,1,4
-Food-Specialty Food-Meat Shops-Ethnic Food-Cheese Shops,1,4.5
-Bars-Tapas Bars-Wine Bars-Nightlife-American (New)-Restaurants,1,4
-Dive Bars-Bars-Nightlife-Lounges,1,3.5
"-Food-Cheese Shops-Beer, Wine & Spirits-Specialty Food",1,4.5
-Wine Bars-Bars-Nightlife-French-Restaurants,1,4
-Delis-Vegetarian-Restaurants,1,4
-Food-Ethnic Food-Restaurants-Vietnamese-Specialty Food,1,4
-Burgers-American (Traditional)-Mexican-Restaurants,1,4.5
-Food-Tapas Bars-Latin American-Coffee & Tea-Restaurants,1,4
-Automotive-Auto Parts & Supplies-Car Dealers,1,3.5
-Shopping-Jewelry,1,3.5
"-Food-Beer, Wine & Spirits-Ice Cream & Frozen Yogurt",1,4.5
-Vegetarian-Vegan-Chinese-Restaurants,1,3.5
-Arts & Entertainment-American (New)-Caterers-Event Planning & Services-Cinema-Restaurants,1,4
-Food-Donuts-Breakfast & Brunch-Restaurants,1,4.5
-Skin Care-Nail Salons-Beauty & Spas,1,5
-Taiwanese-Restaurants,1,3.5
-Sushi Bars-Asian Fusion-Chinese-Restaurants,1,4
-Nightlife-American (Traditional)-Karaoke-Bars-Restaurants,1,3.5
-Bars-Nightlife-Hotels & Travel-Event Planning & Services-Hotels-Restaurants,1,2.5
-Electricians-Lighting Fixtures & Equipment-Home Services-Home Theatre Installation,1,5
-Art Supplies-Shopping-Framing-Arts & Crafts,1,4
-Food-Bagels-Breakfast & Brunch-Delis-Restaurants,1,4
-Shopping Centers-Shopping-Outlet Stores-Chinese-Restaurants,1,4
-Doctors-Health & Medical-Family Practice,1,3
-Food-Juice Bars & Smoothies-Filipino-Restaurants,1,4
-American (Traditional)-Pizza-Salad-Restaurants,1,3
-Department Stores-Fashion-Shopping-Drugstores-Discount Store,1,2
-Bakeries-Food-Sandwiches-French-Restaurants,1,3.5
-Arts & Entertainment-Music Venues-Bars-Nightlife-Lounges-American (New)-Restaurants,1,3.5
-Nightlife-Asian Fusion-Karaoke-Filipino-Restaurants,1,4
-Arts & Entertainment-Venues & Event Spaces-Arcades-Event Planning & Services-Bowling-Active Life,1,4
-Food-Seafood-Seafood Markets-Specialty Food-Barbeque-Restaurants,1,3.5
-Soup-Japanese-Restaurants,1,3.5
-Wine Bars-Bars-Latin American-Nightlife-Restaurants,1,4
-Food-Coffee & Tea-Arts & Entertainment,1,4.5
-Burgers-Barbeque-Restaurants,1,3
-Active Life-Golf-Local Flavor,1,4.5
-Greek-Middle Eastern-Restaurants,1,4
-Bars-Restaurants-Wine Bars-Nightlife-Pizza-Italian,1,4
-Food-Tea Rooms-Japanese-Restaurants,1,4.5
-Animal Shelters-Pets,1,4.5
-Breakfast & Brunch-Tex-Mex-Restaurants,1,4
-Burgers-Steakhouses-Restaurants,1,4
-Bakeries-Food-Cafes-Restaurants,1,4
-Greek-American (Traditional)-Mediterranean-Restaurants,1,3.5
-Piano Bars-Arts & Entertainment-Nightlife-Music Venues,1,3.5
-Museums-Arts & Entertainment-Nightlife-Music Venues,1,4.5
-Active Life-Steakhouses-Amusement Parks-Restaurants,1,3.5
-Jazz & Blues-Arts & Entertainment-Art Galleries-Shopping-Nightlife,1,4
-Seafood-American (New)-Hawaiian-Restaurants,1,3.5
-Auto Repair-Automotive-Towing-Auto Glass Services,1,5
-Food-Specialty Food-Shopping-Candy Stores-Toy Stores,1,4
-Bakeries-Food-Event Planning & Services-Caterers,1,4.5
-Ice Cream & Frozen Yogurt-Food-Restaurants-Desserts-Hot Dogs-Fast Food,1,2.5
-Food-Tea Rooms-Coffee & Tea,1,4.5
-Specialty Schools-Swimming Pools-Fitness & Instruction-Active Life-Education-Swimming Lessons/Schools,1,4.5
"-Food-Beer, Wine & Spirits-Grocery-Farmers Market",1,4
-Thai-Chinese-Restaurants,1,2.5
-Lingerie-Shopping-Fashion,1,3.5
-Dim Sum-Chinese-Restaurants,1,4
-Event Planning & Services-Party & Event Planning,1,4
-Bars-Burgers-Nightlife-Restaurants-Sports Bars-Pizza,1,3
-Restaurants-American (New)-Karaoke-Nightlife,1,3
-Grocery-Food-Ethnic Food-Specialty Food-Middle Eastern-Halal-Restaurants,1,4
-Bakeries-Food-Specialty Food,1,3.5
-Indian-Buffets-Halal-Restaurants,1,4
-Active Life-Local Flavor-Parks,1,3
-Wine Bars-Bars-Nightlife-Lounges,1,3.5
"-Books, Mags, Music & Video-Vinyl Records-Shopping",1,4
-Sushi Bars-Hawaiian-Chinese-Restaurants,1,4
-Sushi Bars-Nightlife-Restaurants,1,3.5
-Hair Salons-Shopping-Cosmetics & Beauty Supply-Beauty & Spas,1,3
-Thai-Vegetarian-Restaurants,1,4
-Children's Clothing-Fashion-Shopping-Baby Gear & Furniture,1,4
-Restaurants-Sandwiches-Italian,1,4
-Health Markets-Food-Shopping-Specialty Food,1,3.5
-Bars-Mexican-Nightlife-Lounges-Restaurants,1,2
-Food-Grocery-Indian-Buffets-Restaurants,1,4
-Bars-Gay Bars-Karaoke-Nightlife,1,4
"-Food-Specialty Food-Grocery-Beer, Wine & Spirits",1,4
"-Food-Beer, Wine & Spirits-Bars-Sports Bars-Nightlife",1,3
-Food-Grocery-Breakfast & Brunch-Restaurants,1,4
-Active Life-Barre Classes-Pilates-Yoga-Fitness & Instruction,1,4.5
-Active Life-Hotels & Travel-Golf-Event Planning & Services-Hotels,1,4
-Food-Desserts-Restaurants-Italian,1,2.5
-Doctors-Health & Medical-Family Practice-Urgent Care,1,4
-Food-Desserts-Creperies-French-Restaurants,1,4
-Bakeries-Food-French-Restaurants,1,4
-Dive Bars-Pubs-Bars-Nightlife-Lounges,1,4
"-Grocery-Shopping-Florists-Food-Beer, Wine & Spirits-Flowers & Gifts-Restaurants",1,4
-Active Life-Dog Parks-Amateur Sports Teams-Parks,1,4
-Mongolian-Barbeque-Restaurants,1,3
-Hotels & Travel-Taxis-Airport Shuttles-Limos-Transportation,1,3
-Greek-American (New)-Restaurants,1,4
-Food-Bakeries-Coffee & Tea-Vegan-Restaurants,1,4.5
-Hot Dogs-Mexican-Gluten-Free-Restaurants,1,3.5
-Bars-Restaurants-Nightlife-Italian,1,4
-Local Services-Community Service/Non-Profit-Thrift Stores-Shopping,1,3
-Food-Specialty Food-Flowers & Gifts-Shopping-Fruits & Veggies,1,4.5
-Pubs-Bars-Nightlife-Sandwiches-Restaurants,1,3.5
-Day Spas-Hotels & Travel-Hotels-Event Planning & Services-Beauty & Spas,1,4
-Food-Bagels-Restaurants-Coffee & Tea-Sandwiches,1,4.5
-Health & Medical-Chiropractors,1,5
-Nightlife-Bars-Asian Fusion-Sports Bars-Restaurants,1,4
-Cafes-Sandwiches-Restaurants,1,4.5
-Food-Chinese-Restaurants,1,3
-Seafood-Steakhouses-American (Traditional)-Restaurants,1,3.5
-Bars-Mexican-Nightlife-Local Flavor-Restaurants,1,4.5
"-Used, Vintage & Consignment-Fashion-Shopping-Maternity Wear",1,3.5
-Bars-Food-Arts & Entertainment-Venues & Event Spaces-Wine Bars-Wineries-Event Planning & Services-Nightlife,1,4
-Buffets-Filipino-Restaurants,1,3
-Pubs-Bars-American (New)-Nightlife-Restaurants,1,3.5
-Buffets-Mexican-Restaurants,1,2
-Italian-Hot Dogs-Sandwiches-Restaurants,1,3.5
-Food-Desserts-Specialty Food,1,4.5
-Active Life-Parks-Hiking,1,4.5
-Coffee & Tea-Food-Breakfast & Brunch-Bars-Wine Bars-Nightlife-Restaurants,1,4.5
-Pizza-Mediterranean-Restaurants,1,4
-American (Traditional)-Hot Dogs-Restaurants,1,4
-Food-Coffee & Tea-Breakfast & Brunch-Vegan-Restaurants,1,4
-Creperies-Fondue-French-Restaurants,1,4.5
-Bars-Sushi Bars-Nightlife-Restaurants,1,3
-Nightlife-Bars-Mexican-Tex-Mex-Restaurants,1,3.5
-Active Life-Recreation Centers-Gyms-Swimming Pools-Fitness & Instruction,1,4
-Active Life-Health & Medical-Yoga-Physical Therapy-Fitness & Instruction,1,4.5
-Nightlife-Sandwiches-Restaurants,1,4
-Shopping-Home & Garden-Antiques-Furniture Stores,1,4
-Fashion-Shopping-Accessories-Jewelry,1,4.5
-Active Life-Amusement Parks-Event Planning & Services-Venues & Event Spaces,1,4
-Active Life-Boating-Lakes,1,4.5
-Shopping-Photography Stores & Services,1,3.5
-Beauty & Spas-Hair Removal-Nail Salons,1,2.5
-Food-Convenience Stores,1,5
-Nightlife-Venues & Event Spaces-Event Planning & Services,1,3.5
-Breakfast & Brunch-Restaurants-Italian,1,3
-Home Services-Contractors,1,3
-Sandwiches-Restaurants-Pizza-Italian,1,3.5
"-Grocery-Shopping-Florists-Food-Beer, Wine & Spirits-Flowers & Gifts",1,4
-Food-Gelato-Pizza-Restaurants,1,4.5
-Food-Tea Rooms-Breakfast & Brunch-Coffee & Tea-Restaurants,1,4.5
-Bakeries-Food-Specialty Food-Ethnic Food,1,4.5
-Active Life-Specialty Schools-Education-Swimming Lessons/Schools-Fitness & Instruction,1,5
-Food-Venues & Event Spaces-Farmers Market-Active Life-Horseback Riding-Event Planning & Services,1,5
-Reflexology-Health & Medical-Massage-Beauty & Spas,1,4.5
-Adult Entertainment-Nightlife,1,3
-Korean-Sushi Bars-Japanese-Restaurants,1,3.5
-Nightlife-Bars-Sushi Bars-Japanese-Restaurants,1,2.5
-Mexican-Vegan-Restaurants,1,3.5
-Mediterranean-Greek-Middle Eastern-Restaurants,1,4
-Food-Juice Bars & Smoothies-Coffee & Tea-Vietnamese-Restaurants,1,3.5
-Food-Breakfast & Brunch-Bagels-Delis-Restaurants,1,3
-Arts & Entertainment-Music Venues-Dance Clubs-Nightlife-American (New)-Restaurants,1,3.5
-American (New)-Chicken Wings-Restaurants,1,4.5
-Fashion-Shopping-Accessories-Home & Garden,1,4.5
-Food-Specialty Food,1,4.5
-Food-Burgers-Ice Cream & Frozen Yogurt-Diners-Restaurants,1,4
-Seafood-Buffets-Restaurants,1,3.5
-Vegetarian-Sandwiches-Restaurants,1,4
-Bakeries-Food-Specialty Food-Ethnic Food-Desserts,1,4.5
-Bars-American (Traditional)-Nightlife-Steakhouses-Sports Bars-Restaurants,1,3
-Landmarks & Historical Buildings-Public Services & Government,1,3.5
-American (New)-Pizza-Restaurants,1,2.5
-Bakeries-Food-Desserts-Event Planning & Services-Caterers,1,4.5
-Asian Fusion-Sushi Bars-Japanese-Restaurants,1,4.5
-Ethiopian-Restaurants,1,4
-Active Life-Day Spas-Beauty & Spas-Swimming Pools-Sports Clubs,1,3.5
-Women's Clothing-Men's Clothing-Fashion-Shopping-Children's Clothing,1,4.5
-Sushi Bars-American (New)-Restaurants,1,3.5
-Active Life-Rafting/Kayaking,1,3.5
-Food-Desserts-Restaurants-Burgers,1,3.5
-Active Life-Disc Golf-Parks,1,4.5
-Bars-Music Venues-Arts & Entertainment-Dance Clubs-Dive Bars-Nightlife,1,3.5
-Hot Dogs-Mexican-Restaurants,1,4.5
-Caterers-Event Planning & Services-Barbeque-Restaurants,1,2.5
-Coffee & Tea-Food-Bars-Nightlife-Restaurants-Sandwiches,1,4
-Food-Specialty Food-Grocery-Fruits & Veggies,1,4.5
-Bars-Seafood-Irish-Pubs-Nightlife-Restaurants,1,4
-Arts & Entertainment-Music Venues-Bars-Dive Bars-Nightlife-American (New)-Restaurants,1,4
-Landmarks & Historical Buildings-Public Services & Government-Local Flavor,1,4.5
-Food-Convenience Stores-Shopping-Drugstores,1,4
-Asian Fusion-Buffets-Restaurants,1,3
-Active Life-Hotels & Travel-Campgrounds-Parks,1,4.5
-Shopping-Computers-Home & Garden-Local Services-IT Services & Computer Repair-Appliances,1,3.5
-Department Stores-Grocery-Fashion-Shopping-Food-Automotive-Tires,1,3
-Lingerie-Shopping-Fashion-Adult,1,3
-Thai-Asian Fusion-Restaurants,1,3.5
-Pubs-Bars-Nightlife-Restaurants,1,3.5
-Sporting Goods-Shopping-Guns & Ammo-Outdoor Gear,1,4
-Bars-American (New)-American (Traditional)-Nightlife-Restaurants,1,3.5
-Grocery-Food-Ethnic Food-Indian-Specialty Food-Restaurants,1,4
-Nightlife-Seafood-Steakhouses-Bars-Restaurants,1,3.5
-Local Services-Arts & Crafts-Shopping-Fabric Stores-Sewing & Alterations,1,4.5
-Food-Cheese Shops-Specialty Food,1,4.5
-Yoga-Beauty & Spas-Food-Juice Bars & Smoothies-Fitness & Instruction-Active Life-Massage,1,4.5
-Gastropubs-Wine Bars-Bars-Nightlife-Restaurants,1,4
-Shopping Centers-Landmarks & Historical Buildings-Shopping-Public Services & Government,1,3.5
-Food-Delis-Coffee & Tea-Restaurants,1,4
-Food-Bagels-Sandwiches-Restaurants,1,3.5
-Bars-American (Traditional)-Dance Clubs-Nightlife-Sports Bars-Restaurants,1,3
-Food-Donuts-Cafes-Juice Bars & Smoothies-Restaurants,1,4.5
"-Videos & Video Game Rental-Books, Mags, Music & Video-Shopping-Adult",1,5
-Active Life-Wedding Planning-Golf-Event Planning & Services,1,3
-Shopping-Beauty & Spas-Arts & Crafts-Costumes-Cosmetics & Beauty Supply-Wigs,1,5
-Fast Food-Restaurants-Italian,1,2.5
-Performing Arts-Arts & Entertainment-Art Galleries-Shopping,1,3.5
-Shopping-Food-Gift Shops-Specialty Food-Flowers & Gifts-Local Flavor,1,4.5
-Food-Grocery-Shopping-Home & Garden-Furniture Stores,1,4.5
-Bars-Asian Fusion-Nightlife-Restaurants,1,4
-Spanish-Steakhouses-Restaurants,1,3.5
-Sushi Bars-Asian Fusion-Restaurants,1,3.5
-Active Life-Swimming Pools-Parks,1,4.5
-Arts & Entertainment-Casinos-Bars-Lounges-Nightlife,1,3
-American (New)-Nightlife-Restaurants,1,4
-Chicken Wings-Bars-Restaurants-Sports Bars-Nightlife,1,2.5
-Vegetarian-Indian-Gluten-Free-Restaurants,1,3.5
-Food-Desserts-Street Vendors,1,5
-Museums-Active Life-Arts & Entertainment-Parks,1,4
-Bars-Pool Halls-Sports Bars-Nightlife,1,2.5
-Burgers-Diners-Restaurants,1,4
-Art Schools-Specialty Schools-Education,1,2.5
-Hot Dogs-Food Stands-Restaurants,1,4.5
-Delis-Restaurants-Sandwiches-Italian,1,4.5
"-Books, Mags, Music & Video-Shopping",1,4
"-Food-Beer, Wine & Spirits-Bars-Nightlife-Wine Bars",1,4.5
-Dive Bars-Bars-Arts & Entertainment-Nightlife-Music Venues,1,4
-Greek-Lebanese-Mediterranean-Middle Eastern-Restaurants,1,4.5
-Asian Fusion-Sushi Bars-Restaurants,1,4
-Bakeries-Food-Gluten-Free-Donuts-Restaurants,1,4.5
-Auto Repair-Automotive-Oil Change Stations,1,3
-Bars-American (Traditional)-Nightlife-Sports Bars-Barbeque-Restaurants,1,3.5
-Nightlife-Comedy Clubs,1,4
-Bars-Music Venues-Arts & Entertainment-Nightlife-American (New)-Sports Bars-Restaurants,1,3.5
-Handyman-Home Services-Heating & Air Conditioning/HVAC,1,5
-Hair Salons-Nail Salons-Beauty & Spas,1,3
-Hobby Shops-Shopping-Event Planning & Services-Party & Event Planning-Arts & Crafts,1,4.5
-Specialty Schools-Shopping-Cooking Schools-Home & Garden-Kitchen & Bath-Education,1,4
-Food-Hawaiian-Restaurants,1,4.5
-Arts & Crafts-Shopping-Costumes,1,4.5
-American (New)-Salad-Restaurants,1,3
-Seafood-Restaurants-American (New)-Italian,1,4
-Fast Food-Asian Fusion-Restaurants,1,4.5
-Dive Bars-Bars-Nightlife-Sports Bars,1,3.5
-Window Washing-Home Services,1,5
-Bars-American (Traditional)-Caribbean-Nightlife-American (New)-Restaurants,1,2.5
-Keys & Locksmiths-Home Services,1,5
-Food-Burgers-Fast Food-Ice Cream & Frozen Yogurt-Restaurants,1,3
-Burgers-Steakhouses-Barbeque-Restaurants,1,2.5
-Shopping-Home & Garden-Furniture Stores,1,4.5
-Active Life-Arts & Entertainment-Stadiums & Arenas-Horse Racing-Restaurants,1,4
-Computers-Shopping-Home & Garden-Appliances,1,3
-American (Traditional)-Mexican-Event Planning & Services-Hotels & Travel-Hotels-Restaurants,1,4
-Food-Ice Cream & Frozen Yogurt-Burgers-Fast Food-Restaurants,1,4
-Delis-Restaurants-Italian,1,4.5
-Live/Raw Food-Gluten-Free-Vegan-Restaurants,1,4
-Solar Installation-Windows Installation-Home Services,1,4.5
"-Grocery-Shopping-Florists-Food-Beer, Wine & Spirits-Caterers-Event Planning & Services-Flowers & Gifts",1,4
-Food-Herbs & Spices-Specialty Food,1,4.5
-Home Services-Apartments-Event Planning & Services-Hotels & Travel-Real Estate-Hotels,1,4
-Hotels & Travel-Hotels-Event Planning & Services-Restaurants,1,4
"-Fashion-Shopping-Used, Vintage & Consignment-Home & Garden-Kitchen & Bath-Women's Clothing",1,5
-Local Services-Pest Control,1,5
-Active Life-Playgrounds-Parks,1,4.5
-Food-Desserts-Sandwiches-Restaurants-Barbeque-Pizza,1,4
-Korean-Chinese-Restaurants,1,4.5
-Arts & Entertainment-Music Venues-Casinos-Nightlife-Hotels & Travel-Event Planning & Services-Hotels,1,3.5
-Burgers-Hot Dogs-Mediterranean-Restaurants,1,3.5
-Delis-Italian-Restaurants,1,3.5
-Soup-Vietnamese-Comfort Food-Restaurants,1,4
-Jazz & Blues-Arts & Entertainment-Soul Food-Nightlife-Restaurants,1,3.5
-Bars-American (Traditional)-Pool Halls-Nightlife-Sports Bars-Restaurants,1,3.5
-Bars-Spanish-Nightlife-Lounges-Basque-Restaurants,1,4
-German-Pubs-Bars-Nightlife-Restaurants,1,4
-Asian Fusion-Mexican-Restaurants,1,4
-Food-Grocery-Shopping-Photography Stores & Services,1,3.5
-Burgers-American (New)-Barbeque-Restaurants,1,4.5
-Italian-American (Traditional)-Restaurants,1,4
-Food-Ethnic Food-Specialty Food-Mediterranean-Restaurants,1,4.5
-Food-Desserts-Coffee & Tea,1,4.5
-Burgers-Seafood-Restaurants,1,3.5
-Electronics-Shopping,1,3
-Restaurants-Pizza-Gluten-Free-Italian,1,4
-Home Services-Heating & Air Conditioning/HVAC-Contractors,1,4.5
-Greek-Southern-Mediterranean-Restaurants,1,3
-Breakfast & Brunch-Bars-American (Traditional)-Nightlife-Restaurants,1,4
-Caterers-Pizza-Event Planning & Services-Restaurants,1,4
-Pizza-Gluten-Free-Restaurants,1,3.5
"-Food-Beer, Wine & Spirits-Irish-American (Traditional)-Restaurants",1,3.5
-Food-Specialty Food-Coffee & Tea-Ice Cream & Frozen Yogurt-Chocolatiers & Shops,1,4
-Food-Coffee & Tea-Creperies-Restaurants,1,4
-Ethiopian-Vegan-Restaurants,1,4
-Irish-Restaurants,1,3.5
-Arts & Entertainment-Pizza-Nightlife-Music Venues-Restaurants,1,3.5
-American (Traditional)-American (New)-Chicken Wings-Restaurants,1,4.5
-Bars-American (Traditional)-Nightlife-Lounges-American (New)-Restaurants,1,4
-Modern European-Delis-Restaurants,1,4
-Sushi Bars-Japanese-Gluten-Free-Restaurants,1,3.5
-Skin Care-Eyelash Service-Hair Removal-Beauty & Spas,1,5
-Restaurants-American (New)-Italian,1,4
-Arts & Entertainment-Music Venues-Bars-Nightlife-American (New)-Restaurants,1,3.5
-Bars-Nightlife-Lounges-Restaurants,1,3.5
-Shopping-Home Decor-Home & Garden-Furniture Stores,1,4
-Active Life-Museums-Arts & Entertainment-Amusement Parks-Parks,1,4.5
-Asian Fusion-Diners-Restaurants,1,3.5
-Active Life-Bars-Nightlife-Sports Bars-Bowling,1,3.5
"-Videos & Video Game Rental-Books, Mags, Music & Video-Shopping",1,4
-Pizza-American (New)-Sandwiches-Restaurants,1,3.5
-Seafood-Caribbean-Hawaiian-Restaurants,1,4
-Skin Care-Day Spas-Beauty & Spas-Health & Medical-Medical Spas,1,4
-Bars-American (Traditional)-Pubs-Nightlife-Lounges-Restaurants,1,3.5
-Pubs-Bars-Sports Bars-Nightlife,1,3
-Bakeries-Food-Polish-Restaurants,1,4.5
-African-Caribbean-Restaurants,1,4
-Pet Groomers-Pet Services-Pets,1,5
-Bars-Restaurants-Nightlife-Lounges-Italian,1,3.5
-Food-Convenience Stores-Hot Dogs-Restaurants,1,4
-Cuban-Latin American-Restaurants,1,3.5
